<?xml version="1.0" encoding="UTF-8"?>

<!DOCTYPE hibernate-configuration PUBLIC
  "-//Hibernate/Hibernate Configuration DTD 3.0//EN"
  "http://www.hibernate.org/dtd/hibernate-configuration-3.0.dtd">
<hibernate-configuration>
  <session-factory>
  <!-- DB Configuration -->
  <property name="connection.driver_class">com.mysql.cj.jdbc.Driver</property>
  <property name="connection.url">jdbc:mysql://localhost:3306/labexam</property>
  <property name="connection.user">root</property>
  <property name="connection.password">Udaykrishna@123</property>
  
  <!-- Hibernate configuration -->
  <property name="dialect">org.hibernate.dialect.MySQLDialect</property>
  <property name="hbm2ddl.auto">update</property>
  <property name="show_sql">true</property>
  <property name="format_sql">true</property>
  
  <mapping class="com.klu.jfsd.exam.Department"/>
  </session-factory>
</hibernate-configuration>
